29369.970000,3.2351650000000003
29369.980000,7.736264
29369.990000,3.2351650000000003
29370.000000,3.797802
29370.010000,-7.4549449999999995
29370.020000,-3.047619
29370.030000,9.705494999999999
29370.040000,-3.797802
29370.050000,-5.110623
29370.060000,3.985348
29370.070000,-0.5157510000000001
29370.080000,-2.860073
29370.090000,2.016117
29370.100000,-0.046886000000000004
29370.110000,-2.484982
29370.120000,2.7663
29370.130000,-2.578755
29370.140000,7.4549449999999995
29370.150000,1.2659340000000001
29370.160000,-2.016117
29370.170000,-5.110623
29370.180000,-8.861538000000001
29370.190000,5.954579
29370.200000,-1.2659340000000001
29370.210000,-13.925275
29370.220000,-13.268864
29370.230000,-12.049817
29370.240000,-5.7670330000000005
29370.250000,-6.32967
29370.260000,-16.082051
29370.270000,-0.609524
29370.280000,-9.049083999999999
29370.290000,-3.6102559999999997
29370.300000,7.736264
29370.310000,-5.01685
29370.320000,-2.2974360000000003
29370.330000,-7.079853
29370.340000,-1.9223439999999998
29370.350000,10.361905
29370.360000,1.547253
29370.370000,6.32967
29370.380000,7.267399
29370.390000,14.394139000000001
29370.400000,7.830037
29370.410000,8.392674000000001
29370.420000,2.2974360000000003
29370.430000,2.953846
29370.440000,3.7040290000000002
29370.450000,2.203663
29370.460000,4.923076999999999
29370.470000,-4.8293040000000005
29370.480000,0.7032970000000001
29370.490000,-0.328205
29370.500000,2.391209
29370.510000,4.454212
29370.520000,4.547985
29370.530000,-0.328205
29370.540000,3.891575
29370.550000,7.736264
29370.560000,4.3604400000000005
29370.570000,-2.578755
29370.580000,5.298168
29370.590000,-4.923076999999999
29370.600000,-0.046886000000000004
29370.610000,-1.2659340000000001
29370.620000,10.174358999999999
29370.630000,-12.8
29370.640000,-26.115751
29370.650000,-35.305495
29370.660000,-41.119414
29370.670000,-52.841026
29370.680000,-51.621978000000006
29370.690000,-55.466667
29370.700000,-54.904029
29370.710000,-55.185348
29370.720000,-46.933333000000005
29370.730000,-42.901099
29370.740000,-25.928205
29370.750000,-16.926007000000002
29370.760000,-11.768498
29370.770000,-4.641758
29370.780000,5.204396
29370.790000,10.174358999999999
29370.800000,11.768498
29370.810000,23.396337
29370.820000,20.489376999999998
29370.830000,28.178755
29370.840000,26.209524
29370.850000,29.210256
29370.860000,32.679853
29370.870000,19.739194
29370.880000,20.301832
29370.890000,30.898168
29370.900000,32.492308
29370.910000,27.991209
29370.920000,27.616117
29370.930000,25.178022
29370.940000,21.895971
29370.950000,27.147253000000003
29370.960000,27.334799
29370.970000,30.898168
29370.980000,29.397802000000002
29370.990000,33.242490999999994
29371.000000,33.430037
29371.010000,26.865934000000003
29371.020000,30.710623
29371.030000,21.989744
29371.040000,21.895971
29371.050000,7.173626
29371.060000,0.14065899999999998
29371.070000,6.610989
29371.080000,3.985348
29371.090000,1.078388
29371.100000,-6.142125
29371.110000,7.4549449999999995
29371.120000,4.8293040000000005
29371.130000,5.110623
29371.140000,-0.328205
29371.150000,1.078388
29371.160000,-3.047619
29371.170000,5.01685
29371.180000,4.3604400000000005
29371.190000,5.01685
29371.200000,-2.953846
29371.210000,1.2659340000000001
29371.220000,-0.14065899999999998
29371.230000,-2.7663
29371.240000,0.42197799999999996
29371.250000,-6.0483519999999995
29371.260000,8.111355
29371.270000,3.7040290000000002
29371.280000,9.049083999999999
29371.290000,18.145055
29371.300000,9.142857000000001
29371.310000,-6.423443
29371.320000,6.798535
29371.330000,5.298168
29371.340000,-0.046886000000000004
29371.350000,9.23663
29371.360000,6.892308
29371.370000,6.423443
29371.380000,2.2974360000000003
29371.390000,10.268132000000001
29371.400000,0.609524
29371.410000,0.609524
29371.420000,3.2351650000000003
29371.430000,-9.517949
29371.440000,-9.89304
29371.450000,-7.9238100000000005
29371.460000,-5.7670330000000005
29371.470000,-4.079121
29371.480000,-6.798535
29371.490000,-5.7670330000000005
29371.500000,-6.142125
29371.510000,1.078388
29371.520000,-7.736264
29371.530000,17.67619
29371.540000,-20.020513
29371.550000,-1.4534799999999999
29371.560000,-12.14359
29371.570000,-2.484982
29371.580000,5.391941
29371.590000,-2.672527
29371.600000,0.328205
29371.610000,1.172161
29371.620000,1.4534799999999999
29371.630000,-2.203663
29371.640000,-8.017582
29371.650000,-7.361172
29371.660000,-5.7670330000000005
29371.670000,-11.112088
29371.680000,-5.67326
29371.690000,-6.517216
29371.700000,-4.079121
29371.710000,-2.672527
29371.720000,3.047619
29371.730000,14.769231
29371.740000,10.736996000000001
29371.750000,8.392674000000001
29371.760000,9.23663
29371.770000,6.32967
29371.780000,5.67326
29371.790000,1.828571
29371.800000,-2.953846
29371.810000,-1.172161
29371.820000,2.016117
29371.830000,-15.425641
29371.840000,0.14065899999999998
29371.850000,-17.769963
29371.860000,-36.430769
29371.870000,-48.808791
29371.880000,-50.496703000000004
29371.890000,-56.404396
29371.900000,-54.060072999999996
29371.910000,-45.151648
29371.920000,-51.903296999999995
29371.930000,-46.370696
29371.940000,-44.682784000000005
29371.950000,-41.400733
29371.960000,-35.961905
29371.970000,-21.333333
29371.980000,-15.800733
29371.990000,-7.9238100000000005
29372.000000,-12.893773
29372.010000,-0.14065899999999998
29372.020000,14.112820999999999
29372.030000,12.612454
29372.040000,10.080586
29372.050000,11.487179
29372.060000,17.67619
29372.070000,23.583883
29372.080000,21.333333
29372.090000,25.834432
29372.100000,17.582418
29372.110000,20.58315
29372.120000,14.487912
29372.130000,22.739926999999998
29372.140000,16.269597
29372.150000,15.613187
29372.160000,17.863736
29372.170000,13.643956
29372.180000,19.832967
29372.190000,17.67619
29372.200000,14.112820999999999
29372.210000,14.675457999999999
29372.220000,15.613187
29372.230000,24.521612
29372.240000,27.991209
29372.250000,18.238828
29372.260000,19.176557
29372.270000,17.67619
29372.280000,18.238828
29372.290000,14.394139000000001
29372.300000,16.832234
29372.310000,5.110623
29372.320000,6.423443
29372.330000,10.361905
29372.340000,9.142857000000001
29372.350000,4.547985
29372.360000,17.207326000000002
29372.370000,9.049083999999999
29372.380000,6.704762
29372.390000,17.207326000000002
29372.400000,6.32967
29372.410000,10.924542
29372.420000,9.142857000000001
29372.430000,-2.016117
29372.440000,4.172894
29372.450000,5.485714
29372.460000,6.704762
29372.470000,-2.7663
29372.480000,-2.860073
29372.490000,3.328938
29372.500000,1.4534799999999999
29372.510000,-4.8293040000000005
29372.520000,2.10989
29372.530000,7.9238100000000005
29372.540000,15.800733
29372.550000,-0.42197799999999996
29372.560000,3.6102559999999997
29372.570000,11.018315
29372.580000,4.735531
29372.590000,3.985348
29372.600000,8.017582
29372.610000,2.484982
29372.620000,11.112088
29372.630000,4.454212
29372.640000,11.862271
29372.650000,0.14065899999999998
29372.660000,7.642491000000001
29372.670000,8.673993
29372.680000,4.923076999999999
29372.690000,6.142125
29372.700000,15.425641
29372.710000,6.517216
29372.720000,7.642491000000001
29372.730000,14.019048000000002
29372.740000,0.79707
29372.750000,5.860806
29372.760000,1.7347990000000002
29372.770000,-10.361905
29372.780000,-4.454212
29372.790000,-7.736264
29372.800000,-6.892308
29372.810000,-2.391209
29372.820000,-5.204396
29372.830000,4.735531
29372.840000,4.266667
29372.850000,-10.174358999999999
29372.860000,-20.958242000000002
29372.870000,-29.491575
29372.880000,-28.460072999999998
29372.890000,-42.994871999999994
29372.900000,-45.339194
29372.910000,-39.712821000000005
29372.920000,-51.153114
29372.930000,-43.932601
29372.940000,-40.744322
29372.950000,-33.617582
29372.960000,-24.240292999999998
29372.970000,-25.834432
29372.980000,-12.987546
29372.990000,0.609524
29373.000000,-3.1413919999999997
29373.010000,7.361172
29373.020000,6.423443
29373.030000,7.361172
29373.040000,11.487179
29373.050000,15.519414000000001
29373.060000,12.049817
29373.070000,12.331136
29373.080000,22.177289000000002
29373.090000,16.644689
29373.100000,27.334799
29373.110000,17.394872
29373.120000,27.334799
29373.130000,11.768498
29373.140000,12.8
29373.150000,20.58315
29373.160000,11.393407
29373.170000,7.173626
29373.180000,11.205861
29373.190000,17.207326000000002
29373.200000,9.517949
29373.210000,17.957508999999998
29373.220000,13.175092000000001
29373.230000,5.298168
29373.240000,19.645421
29373.250000,5.860806
29373.260000,10.924542
29373.270000,18.332601
29373.280000,7.361172
29373.290000,3.5164839999999997
29373.300000,1.4534799999999999
29373.310000,5.298168
29373.320000,6.423443
29373.330000,-6.142125
29373.340000,7.548717999999999
29373.350000,8.017582
29373.360000,7.267399
29373.370000,-4.454212
29373.380000,-13.643956
29373.390000,3.2351650000000003
29373.400000,-0.984615
29373.410000,-11.393407
29373.420000,2.7663
29373.430000,-8.205128
29373.440000,-1.2659340000000001
29373.450000,-4.266667
29373.460000,-7.267399
29373.470000,-6.32967
29373.480000,-9.705494999999999
29373.490000,-5.485714
29373.500000,-12.424908
29373.510000,-2.7663
29373.520000,-10.736996000000001
29373.530000,-1.172161
29373.540000,-6.0483519999999995
29373.550000,-2.016117
29373.560000,-8.205128
29373.570000,-0.890842
29373.580000,-16.457143
29373.590000,-16.457143
29373.600000,-5.67326
29373.610000,-7.548717999999999
29373.620000,-12.237363
29373.630000,-8.955311
29373.640000,-2.10989
29373.650000,-15.331868
29373.660000,-10.924542
29373.670000,-5.391941
29373.680000,-16.269597
29373.690000,-15.613187
29373.700000,-8.017582
29373.710000,-10.549451
29373.720000,-5.110623
29373.730000,-7.830037
29373.740000,-2.391209
29373.750000,-5.7670330000000005
29373.760000,11.393407
29373.770000,-17.957508999999998
29373.780000,-6.423443
29373.790000,-10.830769
29373.800000,-14.487912
29373.810000,-9.705494999999999
29373.820000,-11.580952
29373.830000,-9.142857000000001
29373.840000,-4.266667
29373.850000,-18.895238
29373.860000,-11.393407
29373.870000,-13.175092000000001
29373.880000,-6.32967
29373.890000,-9.23663
29373.900000,4.266667
29373.910000,-5.67326
29373.920000,-2.2974360000000003
29373.930000,-6.610989
29373.940000,-8.580219999999999
29373.950000,0.609524
29373.960000,-25.928205
29373.970000,-13.737729000000002
29373.980000,-7.173626
29373.990000,-19.457875
29374.000000,-6.423443
29374.010000,-2.578755
29374.020000,12.14359
29374.030000,5.579487
29374.040000,9.142857000000001
29374.050000,2.7663
29374.060000,15.894504999999999
29374.070000,7.830037
29374.080000,10.830769
29374.090000,8.580219999999999
29374.100000,9.89304
29374.110000,-1.828571
29374.120000,-4.923076999999999
29374.130000,-3.7040290000000002
29374.140000,-10.361905
29374.150000,-6.142125
29374.160000,-1.078388
29374.170000,1.172161
29374.180000,-11.018315
29374.190000,0.23443200000000003
29374.200000,0.609524
29374.210000,-4.641758
29374.220000,2.578755
29374.230000,-1.2659340000000001
29374.240000,-3.5164839999999997
29374.250000,-6.0483519999999995
29374.260000,-8.861538000000001
29374.270000,-10.080586
29374.280000,-15.894504999999999
29374.290000,-8.205128
29374.300000,-21.614652
29374.310000,-12.049817
29374.320000,-15.331868
29374.330000,-30.147985
29374.340000,-25.459341000000002
29374.350000,-22.552381
29374.360000,-27.897436
29374.370000,-23.677656
29374.380000,-21.333333
29374.390000,-8.955311
29374.400000,-3.047619
29374.410000,-13.925275
29374.420000,-0.890842
29374.430000,-4.454212
29374.440000,8.486447
29374.450000,-2.578755
29374.460000,7.079853
29374.470000,-10.736996000000001
29374.480000,-1.4534799999999999
29374.490000,0.14065899999999998
29374.500000,-0.328205
29374.510000,-26.772160999999997
29374.520000,-9.89304
29374.530000,0.984615
29374.540000,4.923076999999999
29374.550000,1.828571
29374.560000,-0.7032970000000001
29374.570000,6.142125
29374.580000,9.142857000000001
29374.590000,2.10989
29374.600000,7.267399
29374.610000,4.172894
29374.620000,2.953846
29374.630000,8.955311
29374.640000,5.7670330000000005
29374.650000,1.828571
29374.660000,1.4534799999999999
29374.670000,8.392674000000001
29374.680000,5.01685
29374.690000,6.142125
29374.700000,10.361905
29374.710000,11.862271
29374.720000,10.736996000000001
29374.730000,7.642491000000001
29374.740000,16.36337
29374.750000,6.142125
29374.760000,14.394139000000001
29374.770000,17.67619
29374.780000,11.956044
29374.790000,6.142125
29374.800000,10.455678
29374.810000,6.517216
29374.820000,6.610989
29374.830000,14.581685
29374.840000,11.018315
29374.850000,7.736264
29374.860000,8.017582
29374.870000,11.862271
29374.880000,-0.42197799999999996
29374.890000,14.863004
29374.900000,-7.736264
29374.910000,10.830769
29374.920000,8.486447
29374.930000,13.268864
29374.940000,11.580952
29374.950000,12.424908
29374.960000,7.642491000000001
29374.970000,14.956776999999999
29374.980000,22.552381
29374.990000,14.581685
29375.000000,1.828571
29375.010000,9.705494999999999
29375.020000,14.675457999999999
29375.030000,9.799267
29375.040000,1.172161
29375.050000,1.078388
29375.060000,7.4549449999999995
29375.070000,8.392674000000001
29375.080000,1.172161
29375.090000,-1.547253
29375.100000,4.641758
29375.110000,23.021245
29375.120000,-2.391209
29375.130000,0.5157510000000001
29375.140000,-2.016117
29375.150000,2.578755
29375.160000,-2.578755
29375.170000,-6.423443
29375.180000,-6.798535
29375.190000,-0.5157510000000001
29375.200000,-6.142125
29375.210000,-3.5164839999999997
29375.220000,4.923076999999999
29375.230000,6.2358970000000005
29375.240000,2.10989
29375.250000,5.110623
29375.260000,11.862271
29375.270000,0.42197799999999996
29375.280000,-3.985348
29375.290000,3.6102559999999997
29375.300000,10.174358999999999
29375.310000,1.172161
29375.320000,0.23443200000000003
29375.330000,8.767766
29375.340000,2.953846
29375.350000,8.486447
29375.360000,11.018315
29375.370000,7.267399
29375.380000,10.174358999999999
29375.390000,7.9238100000000005
29375.400000,19.832967
29375.410000,0.328205
29375.420000,11.112088
29375.430000,12.518680999999999
29375.440000,10.830769
29375.450000,12.14359
29375.460000,13.268864
29375.470000,15.70696
29375.480000,11.487179
29375.490000,11.487179
29375.500000,19.832967
29375.510000,14.487912
29375.520000,8.298900999999999
29375.530000,11.956044
29375.540000,19.270329999999998
29375.550000,9.986813
29375.560000,21.427106
29375.570000,11.674725
29375.580000,51.528205
29375.590000,-5.954579
29375.600000,20.676923000000002
29375.610000,32.117216
29375.620000,41.494505
29375.630000,31.742125
29375.640000,26.303296999999997
29375.650000,21.708425
29375.660000,21.427106
29375.670000,13.081319
29375.680000,15.144322
29375.690000,11.393407
29375.700000,10.455678
29375.710000,9.799267
29375.720000,3.985348
29375.730000,0.890842
29375.740000,-5.954579
29375.750000,-12.612454
29375.760000,-13.643956
29375.770000,-9.330403
29375.780000,-5.01685
29375.790000,-4.547985
29375.800000,-1.7347990000000002
29375.810000,-11.580952
29375.820000,-12.049817
29375.830000,-4.172894
29375.840000,-2.10989
29375.850000,9.986813
29375.860000,1.078388
29375.870000,0.328205
29375.880000,-9.799267
29375.890000,1.078388
29375.900000,-6.2358970000000005
29375.910000,1.2659340000000001
29375.920000,3.6102559999999997
29375.930000,4.8293040000000005
29375.940000,0.42197799999999996
29375.950000,2.578755
29375.960000,1.172161
29375.970000,-1.4534799999999999
29375.980000,-1.7347990000000002
29375.990000,3.985348
29376.000000,-0.328205
29376.010000,-3.1413919999999997
29376.020000,-19.645421
29376.030000,-35.399267
29376.040000,-22.646154
29376.050000,-43.932601
29376.060000,-49.090109999999996
29376.070000,-62.780952
29376.080000,-61.280586
29376.090000,-59.873993000000006
29376.100000,-74.596337
29376.110000,-59.873993000000006
29376.120000,-65.875458
29376.130000,-63.437363
29376.140000,-50.309158000000004
29376.150000,-35.586813
29376.160000,-39.150183
29376.170000,-26.397070000000003
29376.180000,-12.8
29376.190000,-0.328205
29376.200000,-7.548717999999999
29376.210000,-3.797802
29376.220000,9.611722
29376.230000,20.864469
29376.240000,27.05348
29376.250000,23.115018
29376.260000,32.398534999999995
29376.270000,22.8337
29376.280000,30.991940999999997
29376.290000,18.895238
29376.300000,35.961905
29376.310000,30.991940999999997
29376.320000,32.679853
29376.330000,26.959707
29376.340000,30.241758
29376.350000,29.304028999999996
29376.360000,36.524542
29376.370000,29.772894
29376.380000,27.616117
29376.390000,29.022710999999997
29376.400000,44.776557000000004
29376.410000,27.70989
29376.420000,24.052747
29376.430000,18.520147
29376.440000,25.365568
29376.450000,18.707692
29376.460000,20.114286
29376.470000,34.18022
29376.480000,3.2351650000000003
29376.490000,3.6102559999999997
29376.500000,5.391941
29376.510000,2.016117
29376.520000,1.6410259999999999
29376.530000,-5.954579
29376.540000,-7.736264
29376.550000,-13.268864
29376.560000,-5.01685
29376.570000,-16.457143
29376.580000,-12.049817
29376.590000,-12.706227
29376.600000,-14.769231
29376.610000,-10.643222999999999
29376.620000,-9.799267
29376.630000,-11.299634
29376.640000,-7.079853
29376.650000,-12.987546
29376.660000,-6.9860809999999995
29376.670000,-16.738462
29376.680000,-15.988278
29376.690000,-14.581685
29376.700000,-23.208791
29376.710000,-17.207326000000002
29376.720000,-13.081319
29376.730000,-16.926007000000002
29376.740000,-15.613187
29376.750000,-19.176557
29376.760000,-19.551648
29376.770000,-18.332601
29376.780000,-11.956044
29376.790000,-13.643956
29376.800000,-13.550182999999999
29376.810000,-16.175824
29376.820000,-15.894504999999999
29376.830000,-19.739194
29376.840000,-22.739926999999998
29376.850000,-15.331868
29376.860000,-14.769231
29376.870000,-13.831501999999999
29376.880000,-14.675457999999999
29376.890000,-23.021245
29376.900000,-12.893773
29376.910000,-0.79707
29376.920000,-8.955311
29376.930000,-17.488645
29376.940000,-11.580952
29376.950000,-9.049083999999999
29376.960000,-6.517216
29376.970000,-16.36337
29376.980000,-4.266667
29376.990000,4.8293040000000005
29377.000000,3.2351650000000003
29377.010000,6.798535
29377.020000,5.204396
29377.030000,8.955311
29377.040000,5.67326
29377.050000,10.455678
29377.060000,7.736264
29377.070000,9.424176
29377.080000,17.394872
29377.090000,2.672527
29377.100000,4.266667
29377.110000,9.142857000000001
29377.120000,11.018315
29377.130000,6.0483519999999995
29377.140000,0.984615
29377.150000,4.923076999999999
29377.160000,0.7032970000000001
29377.170000,-3.6102559999999997
29377.180000,1.7347990000000002
29377.190000,-2.484982
29377.200000,-5.01685
29377.210000,1.2659340000000001
29377.220000,-1.359707
29377.230000,0.79707
29377.240000,-4.735531
29377.250000,1.359707
29377.260000,-2.7663
29377.270000,-4.547985
29377.280000,1.172161
29377.290000,-12.331136
29377.300000,-4.266667
29377.310000,-3.891575
29377.320000,0.23443200000000003
29377.330000,5.579487
29377.340000,7.9238100000000005
29377.350000,5.110623
29377.360000,2.953846
29377.370000,7.4549449999999995
29377.380000,-2.578755
29377.390000,11.862271
29377.400000,4.172894
29377.410000,4.923076999999999
29377.420000,3.7040290000000002
29377.430000,2.672527
29377.440000,6.704762
29377.450000,4.079121
29377.460000,3.7040290000000002
29377.470000,3.7040290000000002
29377.480000,3.797802
29377.490000,0.14065899999999998
29377.500000,-4.079121
29377.510000,-0.609524
29377.520000,-0.7032970000000001
29377.530000,-4.266667
29377.540000,-8.955311
29377.550000,-6.798535
29377.560000,-5.01685
29377.570000,1.4534799999999999
29377.580000,-5.204396
29377.590000,-14.863004
29377.600000,-0.890842
29377.610000,0.046886000000000004
29377.620000,5.860806
29377.630000,-6.610989
29377.640000,-8.298900999999999
29377.650000,-10.830769
29377.660000,-15.425641
29377.670000,-1.359707
29377.680000,-16.36337
29377.690000,-22.458607999999998
29377.700000,-26.021978
29377.710000,-18.707692
29377.720000,-20.676923000000002
29377.730000,-20.114286
29377.740000,-12.987546
29377.750000,-9.705494999999999
29377.760000,-4.923076999999999
29377.770000,-6.2358970000000005
29377.780000,1.2659340000000001
29377.790000,1.9223439999999998
29377.800000,1.7347990000000002
29377.810000,-0.328205
29377.820000,1.6410259999999999
29377.830000,-3.2351650000000003
29377.840000,-4.547985
29377.850000,2.391209
29377.860000,-0.79707
29377.870000,-1.7347990000000002
29377.880000,-2.10989
29377.890000,2.10989
29377.900000,10.361905
29377.910000,10.736996000000001
29377.920000,15.70696
29377.930000,19.082784
29377.940000,27.897436
29377.950000,20.770696
29377.960000,20.676923000000002
29377.970000,14.300366
29377.980000,16.457143
29377.990000,17.394872
29378.000000,27.241026
29378.010000,20.489376999999998
29378.020000,14.581685
29378.030000,21.23956
29378.040000,9.799267
29378.050000,2.391209
29378.060000,-1.6410259999999999
29378.070000,-3.5164839999999997
29378.080000,-2.391209
29378.090000,0.328205
29378.100000,6.892308
29378.110000,-2.2974360000000003
29378.120000,9.049083999999999
29378.130000,-0.42197799999999996
29378.140000,2.953846
29378.150000,-4.923076999999999
29378.160000,-0.609524
29378.170000,-2.672527
29378.180000,-1.359707
29378.190000,-6.142125
29378.200000,4.923076999999999
29378.210000,7.548717999999999
29378.220000,-0.14065899999999998
29378.230000,-0.890842
29378.240000,7.267399
29378.250000,8.673993
29378.260000,8.205128
29378.270000,9.142857000000001
29378.280000,12.424908
29378.290000,6.0483519999999995
29378.300000,15.70696
29378.310000,1.547253
29378.320000,1.7347990000000002
29378.330000,-6.892308
29378.340000,-2.391209
29378.350000,-12.987546
29378.360000,-7.830037
29378.370000,-3.422711
29378.380000,-6.142125
29378.390000,-5.01685
29378.400000,-9.049083999999999
29378.410000,2.391209
29378.420000,-6.32967
29378.430000,7.642491000000001
29378.440000,-10.924542
29378.450000,-11.674725
29378.460000,-2.2974360000000003
29378.470000,-1.9223439999999998
29378.480000,-2.203663
29378.490000,-6.2358970000000005
29378.500000,-7.9238100000000005
29378.510000,-0.79707
29378.520000,1.828571
29378.530000,-2.7663
29378.540000,-5.110623
29378.550000,-6.142125
29378.560000,0.23443200000000003
29378.570000,-2.484982
29378.580000,1.4534799999999999
29378.590000,7.079853
29378.600000,10.361905
29378.610000,18.613919
29378.620000,13.45641
29378.630000,11.674725
29378.640000,12.331136
29378.650000,6.423443
29378.660000,9.986813
29378.670000,12.14359
29378.680000,13.081319
29378.690000,2.7663
29378.700000,-2.672527
29378.710000,-0.42197799999999996
29378.720000,3.7040290000000002
29378.730000,-5.110623
29378.740000,8.486447
29378.750000,-14.019048000000002
29378.760000,-17.769963
29378.770000,-26.490841999999997
29378.780000,-30.335531
29378.790000,-31.554578999999997
29378.800000,-42.713553000000005
29378.810000,-46.18315
29378.820000,-38.493773
29378.830000,-40.463004
29378.840000,-22.8337
29378.850000,-21.989744
29378.860000,-6.9860809999999995
29378.870000,-1.359707
29378.880000,2.10989
29378.890000,17.488645
29378.900000,11.393407
29378.910000,16.738462
29378.920000,13.175092000000001
29378.930000,19.645421
29378.940000,27.70989
29378.950000,18.895238
29378.960000,14.300366
29378.970000,20.770696
29378.980000,11.018315
29378.990000,16.926007000000002
29379.000000,20.676923000000002
29379.010000,10.174358999999999
29379.020000,14.112820999999999
29379.030000,13.925275
29379.040000,16.175824
29379.050000,18.332601
29379.060000,19.645421
29379.070000,27.334799
29379.080000,23.208791
29379.090000,20.208059
29379.100000,16.550916
29379.110000,16.644689
29379.120000,12.706227
29379.130000,11.487179
29379.140000,10.924542
29379.150000,12.893773
29379.160000,11.956044
29379.170000,12.612454
29379.180000,15.519414000000001
29379.190000,34.086447
29379.200000,7.736264
29379.210000,16.175824
29379.220000,4.079121
29379.230000,4.8293040000000005
29379.240000,5.954579
29379.250000,0.890842
29379.260000,7.9238100000000005
29379.270000,-0.046886000000000004
29379.280000,6.798535
29379.290000,3.6102559999999997
29379.300000,1.2659340000000001
29379.310000,-1.359707
29379.320000,-4.172894
29379.330000,-5.204396
29379.340000,-4.547985
29379.350000,-1.2659340000000001
29379.360000,-3.047619
29379.370000,-1.7347990000000002
29379.380000,-5.67326
29379.390000,0.42197799999999996
29379.400000,-1.7347990000000002
29379.410000,3.047619
29379.420000,-4.641758
29379.430000,-5.579487
29379.440000,0.42197799999999996
29379.450000,4.266667
29379.460000,-11.205861
29379.470000,-17.207326000000002
29379.480000,-14.769231
29379.490000,-36.524542
29379.500000,-35.399267
29379.510000,-45.057875
29379.520000,-46.370696
29379.530000,-39.243956
29379.540000,-45.432967
29379.550000,-49.090109999999996
29379.560000,-47.402198
29379.570000,-50.215385
29379.580000,-35.117948999999996
29379.590000,-24.334066
29379.600000,-11.487179
29379.610000,0.890842
29379.620000,3.6102559999999997
29379.630000,4.8293040000000005
29379.640000,13.831501999999999
29379.650000,9.23663
29379.660000,24.427839000000002
29379.670000,14.112820999999999
29379.680000,18.145055
29379.690000,23.677656
29379.700000,18.145055
29379.710000,25.834432
29379.720000,23.302564
29379.730000,29.960440000000002
29379.740000,29.116484000000003
29379.750000,31.92967
29379.760000,25.740659
29379.770000,23.208791
29379.780000,25.740659
29379.790000,26.209524
29379.800000,25.459341000000002
29379.810000,22.364835
29379.820000,17.957508999999998
29379.830000,27.897436
29379.840000,25.646886
29379.850000,23.021245
29379.860000,20.301832
29379.870000,25.646886
29379.880000,22.927473000000003
29379.890000,21.708425
29379.900000,21.333333
29379.910000,22.364835
29379.920000,16.269597
29379.930000,18.238828
29379.940000,21.520879
29379.950000,15.519414000000001
29379.960000,11.112088
29379.970000,12.706227
29379.980000,17.582418
29379.990000,14.863004
29380.000000,14.206593
29380.010000,30.61685
29380.020000,11.393407
29380.030000,15.894504999999999
29380.040000,6.2358970000000005
29380.050000,8.861538000000001
29380.060000,11.580952
29380.070000,0.42197799999999996
29380.080000,-5.298168
29380.090000,-1.9223439999999998
29380.100000,-4.454212
29380.110000,3.2351650000000003
29380.120000,-9.799267
29380.130000,-13.550182999999999
29380.140000,-12.518680999999999
29380.150000,-18.520147
29380.160000,-5.67326
29380.170000,-12.612454
29380.180000,-16.269597
29380.190000,-15.988278
29380.200000,-23.583883
29380.210000,-19.92674
29380.220000,-22.552381
29380.230000,-20.208059
29380.240000,-26.397070000000003
29380.250000,-23.208791
29380.260000,-25.459341000000002
29380.270000,-32.773626
29380.280000,-24.146520000000002
29380.290000,-26.584615000000003
29380.300000,-23.49011
29380.310000,-18.520147
29380.320000,-23.771429
29380.330000,-18.520147
29380.340000,-16.269597
29380.350000,-10.549451
29380.360000,-11.768498
29380.370000,-14.300366
29380.380000,-24.80293
29380.390000,-25.178022
29380.400000,-11.299634
29380.410000,-15.050548999999998
29380.420000,-11.112088
29380.430000,-12.424908
29380.440000,-9.89304
29380.450000,-4.8293040000000005
29380.460000,-3.328938
29380.470000,-3.6102559999999997
29380.480000,3.5164839999999997
29380.490000,-3.422711
29380.500000,4.547985
29380.510000,-8.580219999999999
29380.520000,-11.299634
29380.530000,0.328205
29380.540000,0.609524
29380.550000,-9.611722
29380.560000,8.861538000000001
29380.570000,-6.32967
29380.580000,0.890842
29380.590000,2.484982
29380.600000,1.078388
29380.610000,8.861538000000001
29380.620000,11.205861
29380.630000,-3.047619
29380.640000,15.613187
29380.650000,16.175824
29380.660000,12.8
29380.670000,-1.4534799999999999
29380.680000,-3.7040290000000002
29380.690000,0.984615
29380.700000,-5.67326
29380.710000,-7.173626
29380.720000,-5.67326
29380.730000,-11.674725
29380.740000,-14.019048000000002
29380.750000,-14.581685
29380.760000,-8.205128
29380.770000,-10.080586
29380.780000,-6.704762
29380.790000,-0.890842
29380.800000,7.548717999999999
29380.810000,6.9860809999999995
29380.820000,8.767766
29380.830000,-1.547253
29380.840000,4.8293040000000005
29380.850000,5.954579
29380.860000,11.018315
29380.870000,5.485714
29380.880000,7.267399
29380.890000,7.4549449999999995
29380.900000,-1.4534799999999999
29380.910000,1.547253
29380.920000,-6.798535
29380.930000,-0.5157510000000001
29380.940000,-3.985348
29380.950000,3.328938
29380.960000,9.89304
29380.970000,-1.547253
29380.980000,3.328938
29380.990000,3.6102559999999997
29381.000000,10.268132000000001
29381.010000,2.391209
29381.020000,9.986813
29381.030000,-4.923076999999999
29381.040000,-5.391941
29381.050000,-4.266667
29381.060000,-1.078388
29381.070000,-6.142125
29381.080000,-7.642491000000001
29381.090000,-1.359707
29381.100000,-9.89304
29381.110000,-1.9223439999999998
29381.120000,-0.046886000000000004
29381.130000,-9.986813
29381.140000,-6.610989
29381.150000,-12.612454
29381.160000,-4.735531
29381.170000,-7.548717999999999
29381.180000,-18.051282
29381.190000,-15.238095000000001
29381.200000,-12.893773
29381.210000,-15.425641
29381.220000,-11.956044
29381.230000,-8.580219999999999
29381.240000,-2.203663
29381.250000,-10.924542
29381.260000,-2.391209
29381.270000,-1.9223439999999998
29381.280000,21.23956
29381.290000,1.078388
29381.300000,-0.23443200000000003
29381.310000,-12.331136
29381.320000,-12.706227
29381.330000,-13.362637
29381.340000,-11.018315
29381.350000,-8.861538000000001
29381.360000,-15.238095000000001
29381.370000,-9.23663
29381.380000,-13.737729000000002
29381.390000,-6.32967
29381.400000,-12.331136
29381.410000,-0.328205
29381.420000,2.203663
29381.430000,11.299634
29381.440000,11.018315
29381.450000,7.548717999999999
29381.460000,8.111355
29381.470000,-0.984615
29381.480000,10.924542
29381.490000,0.14065899999999998
29381.500000,-3.2351650000000003
29381.510000,1.359707
29381.520000,-1.6410259999999999
29381.530000,0.984615
29381.540000,1.9223439999999998
29381.550000,1.4534799999999999
29381.560000,10.080586
29381.570000,-4.172894
29381.580000,0.046886000000000004
29381.590000,8.955311
29381.600000,-3.6102559999999997
29381.610000,-0.609524
29381.620000,-0.328205
29381.630000,-0.046886000000000004
29381.640000,9.049083999999999
29381.650000,4.923076999999999
29381.660000,7.548717999999999
29381.670000,-2.484982
29381.680000,-9.89304
29381.690000,0.984615
29381.700000,-2.2974360000000003
29381.710000,5.204396
29381.720000,-5.298168
29381.730000,0.328205
29381.740000,7.642491000000001
29381.750000,2.10989
29381.760000,3.7040290000000002
29381.770000,4.641758
29381.780000,7.642491000000001
29381.790000,9.799267
29381.800000,10.455678
29381.810000,7.173626
29381.820000,21.614652
29381.830000,9.611722
29381.840000,11.956044
29381.850000,0.5157510000000001
29381.860000,0.046886000000000004
29381.870000,6.798535
29381.880000,16.738462
29381.890000,6.2358970000000005
29381.900000,9.986813
29381.910000,29.960440000000002
29381.920000,14.956776999999999
29381.930000,9.799267
29381.940000,19.551648
29381.950000,7.267399
29381.960000,15.331868
29381.970000,17.301099
29381.980000,13.45641
29381.990000,17.769963
29382.000000,18.801465
29382.010000,21.145788
29382.020000,16.644689
29382.030000,8.298900999999999
29382.040000,12.237363
29382.050000,11.862271
29382.060000,21.614652
29382.070000,16.457143
29382.080000,9.23663
29382.090000,4.8293040000000005
29382.100000,21.708425
29382.110000,9.330403
29382.120000,18.895238
29382.130000,22.458607999999998
29382.140000,25.928205
29382.150000,27.991209
29382.160000,20.770696
29382.170000,18.801465
29382.180000,6.517216
29382.190000,7.4549449999999995
29382.200000,5.67326
29382.210000,6.423443
29382.220000,5.204396
29382.230000,3.797802
29382.240000,7.361172
29382.250000,-4.266667
29382.260000,9.517949
29382.270000,14.300366
29382.280000,11.768498
29382.290000,-1.828571
29382.300000,14.487912
29382.310000,4.266667
29382.320000,4.8293040000000005
29382.330000,14.863004
29382.340000,9.424176
29382.350000,13.175092000000001
29382.360000,1.9223439999999998
29382.370000,3.6102559999999997
29382.380000,6.0483519999999995
29382.390000,9.89304
29382.400000,8.580219999999999
29382.410000,10.361905
29382.420000,15.988278
29382.430000,9.142857000000001
29382.440000,20.114286
29382.450000,17.582418
29382.460000,16.738462
29382.470000,8.486447
29382.480000,22.364835
29382.490000,10.549451
29382.500000,14.206593
29382.510000,4.735531
29382.520000,-3.797802
29382.530000,-2.953846
29382.540000,4.454212
29382.550000,1.4534799999999999
29382.560000,-2.391209
29382.570000,1.7347990000000002
29382.580000,-2.2974360000000003
29382.590000,-0.7032970000000001
29382.600000,0.79707
29382.610000,1.4534799999999999
29382.620000,-10.361905
29382.630000,-3.422711
29382.640000,-2.672527
29382.650000,-3.422711
29382.660000,-13.362637
29382.670000,-9.986813
29382.680000,0.7032970000000001
29382.690000,-12.612454
29382.700000,-3.6102559999999997
29382.710000,11.768498
29382.720000,-3.422711
29382.730000,-5.298168
29382.740000,2.578755
29382.750000,-4.547985
29382.760000,0.7032970000000001
29382.770000,2.016117
29382.780000,11.862271
29382.790000,-8.580219999999999
29382.800000,-6.423443
29382.810000,0.79707
29382.820000,-1.547253
29382.830000,0.609524
29382.840000,10.830769
29382.850000,-2.2974360000000003
29382.860000,1.6410259999999999
29382.870000,1.828571
29382.880000,11.768498
29382.890000,0.609524
29382.900000,7.4549449999999995
29382.910000,3.047619
29382.920000,-5.110623
29382.930000,-3.7040290000000002
29382.940000,-8.486447
29382.950000,-8.673993
29382.960000,-5.204396
29382.970000,-6.2358970000000005
29382.980000,-3.1413919999999997
29382.990000,2.672527
29383.000000,-0.14065899999999998
29383.010000,-3.891575
29383.020000,-3.5164839999999997
29383.030000,-4.172894
29383.040000,-9.611722
29383.050000,-1.078388
29383.060000,12.424908
29383.070000,-4.3604400000000005
29383.080000,0.984615
29383.090000,19.176557
29383.100000,-21.708425
29383.110000,-6.517216
29383.120000,-29.866667
29383.130000,-9.705494999999999
29383.140000,-20.676923000000002
29383.150000,-26.959707
29383.160000,-2.953846
29383.170000,-14.956776999999999
29383.180000,-2.7663
29383.190000,1.828571
29383.200000,0.046886000000000004
29383.210000,-6.517216
29383.220000,-12.049817
29383.230000,-0.984615
29383.240000,-11.768498
29383.250000,-26.397070000000003
29383.260000,-20.395604000000002
29383.270000,-30.804396
29383.280000,-23.208791
29383.290000,-11.862271
29383.300000,-29.304028999999996
29383.310000,-7.830037
29383.320000,-15.050548999999998
29383.330000,-15.70696
29383.340000,-6.704762
29383.350000,-23.958973999999998
29383.360000,-13.550182999999999
29383.370000,-14.863004
29383.380000,-26.490841999999997
29383.390000,-31.179486999999998
29383.400000,-16.644689
29383.410000,-27.897436
29383.420000,-13.643956
29383.430000,-29.210256
29383.440000,-17.769963
29383.450000,-28.3663
29383.460000,-22.8337
29383.470000,-25.928205
29383.480000,-27.334799
29383.490000,-32.492308
29383.500000,-10.924542
29383.510000,-24.146520000000002
29383.520000,-11.205861
29383.530000,-24.334066
29383.540000,-30.523077
29383.550000,-28.835165000000003
29383.560000,-35.961905
29383.570000,-23.677656
29383.580000,-21.145788
29383.590000,-26.397070000000003
29383.600000,-29.772894
29383.610000,-33.711355
29383.620000,-28.553846000000004
29383.630000,-27.05348
29383.640000,-5.204396
29383.650000,-16.457143
29383.660000,-23.115018
29383.670000,-7.548717999999999
29383.680000,-19.832967
29383.690000,-21.520879
29383.700000,-24.990476
29383.710000,-17.582418
29383.720000,-6.517216
29383.730000,-16.926007000000002
29383.740000,-17.957508999999998
29383.750000,-18.989010999999998
29383.760000,-21.895971
29383.770000,-16.457143
29383.780000,-10.361905
29383.790000,-12.049817
29383.800000,-11.862271
29383.810000,-12.987546
29383.820000,-10.268132000000001
29383.830000,-7.548717999999999
29383.840000,-5.67326
29383.850000,3.7040290000000002
29383.860000,8.017582
29383.870000,3.5164839999999997
29383.880000,5.579487
29383.890000,5.67326
29383.900000,27.428571
29383.910000,10.549451
29383.920000,0.328205
29383.930000,10.268132000000001
29383.940000,-1.828571
29383.950000,-0.046886000000000004
29383.960000,2.2974360000000003
29383.970000,2.953846
29383.980000,2.860073
29383.990000,6.517216
29384.000000,13.45641
29384.010000,0.23443200000000003
29384.020000,13.268864
29384.030000,14.300366
29384.040000,22.458607999999998
29384.050000,16.457143
29384.060000,10.361905
29384.070000,27.803663
29384.080000,12.8
29384.090000,33.617582
29384.100000,8.298900999999999
29384.110000,19.92674
29384.120000,7.173626
29384.130000,22.177289000000002
29384.140000,12.424908
29384.150000,-0.890842
29384.160000,-3.422711
29384.170000,26.959707
29384.180000,9.142857000000001
29384.190000,19.364103
29384.200000,-16.175824
29384.210000,-0.5157510000000001
29384.220000,-14.112820999999999
29384.230000,-1.2659340000000001
29384.240000,-4.3604400000000005
29384.250000,-0.046886000000000004
29384.260000,-1.828571
29384.270000,6.704762
29384.280000,28.084982
29384.290000,5.204396
29384.300000,9.705494999999999
29384.310000,2.391209
29384.320000,11.018315
29384.330000,15.144322
29384.340000,-9.705494999999999
29384.350000,11.956044
29384.360000,19.364103
29384.370000,9.89304
29384.380000,12.237363
29384.390000,17.301099
29384.400000,4.641758
29384.410000,21.145788
29384.420000,3.2351650000000003
29384.430000,8.767766
29384.440000,22.646154
29384.450000,12.518680999999999
29384.460000,17.394872
29384.470000,13.081319
29384.480000,10.080586
29384.490000,12.331136
29384.500000,-1.2659340000000001
29384.510000,-2.7663
29384.520000,9.23663
29384.530000,-3.985348
29384.540000,5.110623
29384.550000,6.798535
29384.560000,14.956776999999999
29384.570000,4.547985
29384.580000,17.769963
29384.590000,5.01685
29384.600000,16.738462
29384.610000,11.112088
29384.620000,9.986813
29384.630000,12.331136
29384.640000,10.549451
29384.650000,1.359707
29384.660000,14.675457999999999
29384.670000,3.5164839999999997
29384.680000,7.4549449999999995
29384.690000,16.644689
29384.700000,11.580952
29384.710000,14.769231
29384.720000,9.89304
29384.730000,19.551648
29384.740000,13.362637
29384.750000,19.176557
29384.760000,28.647619
29384.770000,13.362637
29384.780000,11.674725
29384.790000,33.898901
29384.800000,13.268864
29384.810000,28.647619
29384.820000,27.897436
29384.830000,19.551648
29384.840000,16.550916
29384.850000,26.584615000000003
29384.860000,16.269597
29384.870000,27.616117
29384.880000,26.865934000000003
29384.890000,23.583883
29384.900000,29.210256
29384.910000,26.584615000000003
29384.920000,35.586813
29384.930000,29.772894
29384.940000,42.057142999999996
29384.950000,29.585348
29384.960000,20.489376999999998
29384.970000,29.116484000000003
29384.980000,30.054212
29384.990000,25.928205
29385.000000,20.58315
29385.010000,29.116484000000003
29385.020000,23.208791
29385.030000,17.394872
29385.040000,21.052015
29385.050000,16.269597
29385.060000,21.708425
29385.070000,5.485714
29385.080000,15.613187
29385.090000,8.486447
29385.100000,12.893773
29385.110000,12.8
29385.120000,6.704762
29385.130000,0.5157510000000001
29385.140000,6.32967
29385.150000,11.205861
29385.160000,6.32967
29385.170000,-4.266667
29385.180000,-0.79707
29385.190000,1.7347990000000002
29385.200000,7.079853
29385.210000,0.14065899999999998
29385.220000,9.89304
29385.230000,3.2351650000000003
29385.240000,-4.547985
29385.250000,10.361905
29385.260000,6.892308
29385.270000,2.016117
29385.280000,0.328205
29385.290000,8.580219999999999
29385.300000,-0.14065899999999998
29385.310000,20.395604000000002
29385.320000,0.23443200000000003
29385.330000,-15.331868
29385.340000,-13.268864
29385.350000,-4.079121
29385.360000,-4.172894
29385.370000,8.767766
29385.380000,0.23443200000000003
29385.390000,1.4534799999999999
29385.400000,6.2358970000000005
29385.410000,4.8293040000000005
29385.420000,7.9238100000000005
29385.430000,2.953846
29385.440000,5.298168
29385.450000,9.142857000000001
29385.460000,-4.3604400000000005
29385.470000,-3.328938
29385.480000,-13.550182999999999
29385.490000,-9.799267
29385.500000,6.798535
29385.510000,-5.954579
29385.520000,-5.954579
29385.530000,-5.954579
29385.540000,-4.641758
29385.550000,-6.9860809999999995
29385.560000,-22.458607999999998
29385.570000,-9.705494999999999
29385.580000,-8.955311
29385.590000,-10.924542
29385.600000,-8.861538000000001
29385.610000,-0.42197799999999996
29385.620000,-9.330403
29385.630000,-11.018315
29385.640000,-9.424176
29385.650000,-8.673993
29385.660000,-3.891575
29385.670000,-4.8293040000000005
29385.680000,-10.455678
29385.690000,-6.423443
29385.700000,-5.01685
29385.710000,-3.985348
29385.720000,-12.049817
29385.730000,-9.424176
29385.740000,-2.578755
29385.750000,-18.707692
29385.760000,-8.767766
29385.770000,-6.32967
29385.780000,-10.174358999999999
29385.790000,-11.205861
29385.800000,0.046886000000000004
29385.810000,-19.739194
29385.820000,-12.8
29385.830000,-14.206593
29385.840000,-14.769231
29385.850000,-8.205128
29385.860000,-3.6102559999999997
29385.870000,-11.393407
29385.880000,1.6410259999999999
29385.890000,6.798535
29385.900000,-11.299634
29385.910000,-3.2351650000000003
29385.920000,1.7347990000000002
29385.930000,-2.860073
29385.940000,-2.672527
29385.950000,0.328205
29385.960000,14.206593
29385.970000,-5.7670330000000005
29385.980000,-0.328205
29385.990000,-4.547985
29386.000000,-7.173626
29386.010000,-12.8
29386.020000,-12.8
29386.030000,-8.861538000000001
29386.040000,-8.580219999999999
29386.050000,-10.455678
29386.060000,-8.580219999999999
29386.070000,0.79707
29386.080000,-12.049817
29386.090000,-7.9238100000000005
29386.100000,-10.174358999999999
29386.110000,-4.923076999999999
29386.120000,4.266667
29386.130000,-0.14065899999999998
29386.140000,-1.547253
29386.150000,10.080586
29386.160000,4.172894
29386.170000,-0.046886000000000004
29386.180000,4.735531
29386.190000,-3.6102559999999997
29386.200000,-0.984615
29386.210000,16.457143
29386.220000,-3.2351650000000003
29386.230000,-13.362637
29386.240000,-8.017582
29386.250000,-23.49011
29386.260000,-19.551648
29386.270000,-18.520147
29386.280000,-28.928938
29386.290000,-13.175092000000001
29386.300000,0.984615
29386.310000,7.4549449999999995
29386.320000,2.7663
29386.330000,8.955311
29386.340000,16.738462
29386.350000,11.205861
29386.360000,9.142857000000001
29386.370000,3.328938
29386.380000,7.9238100000000005
29386.390000,-12.706227
29386.400000,6.32967
29386.410000,-3.2351650000000003
29386.420000,5.7670330000000005
29386.430000,6.32967
29386.440000,13.175092000000001
29386.450000,13.643956
29386.460000,11.487179
29386.470000,2.860073
29386.480000,-7.9238100000000005
29386.490000,-13.925275
29386.500000,-18.520147
29386.510000,-21.052015
29386.520000,-2.953846
29386.530000,-8.580219999999999
29386.540000,1.078388
29386.550000,-2.7663
29386.560000,-20.208059
29386.570000,-6.0483519999999995
29386.580000,-18.801465
29386.590000,-11.018315
29386.600000,-18.613919
29386.610000,-12.612454
29386.620000,-12.893773
29386.630000,-6.32967
29386.640000,5.860806
29386.650000,-24.709158
29386.660000,-19.92674
29386.670000,-32.867399
29386.680000,-38.587546
29386.690000,-38.868864
29386.700000,-47.120878999999995
29386.710000,-51.246885999999996
29386.720000,-48.152381
29386.730000,-39.243956
29386.740000,-21.145788
29386.750000,-8.767766
29386.760000,9.517949
29386.770000,5.298168
29386.780000,28.3663
29386.790000,22.364835
29386.800000,26.490841999999997
29386.810000,16.36337
29386.820000,26.303296999999997
29386.830000,30.241758
29386.840000,22.646154
29386.850000,19.92674
29386.860000,31.554578999999997
29386.870000,19.457875
29386.880000,23.958973999999998
29386.890000,28.928938
29386.900000,22.177289000000002
29386.910000,32.210989
29386.920000,23.958973999999998
29386.930000,32.679853
29386.940000,36.430769
29386.950000,29.397802000000002
29386.960000,21.333333
29386.970000,21.145788
29386.980000,18.613919
29386.990000,17.957508999999998
29387.000000,13.737729000000002
29387.010000,10.643222999999999
29387.020000,10.549451
29387.030000,9.89304
29387.040000,6.704762
29387.050000,6.704762
29387.060000,12.331136
29387.070000,36.993407
29387.080000,-3.985348
29387.090000,3.422711
29387.100000,6.2358970000000005
29387.110000,1.9223439999999998
29387.120000,3.891575
29387.130000,3.422711
29387.140000,-8.861538000000001
29387.150000,-8.955311
29387.160000,-5.204396
29387.170000,-6.0483519999999995
29387.180000,-8.205128
29387.190000,-12.237363
29387.200000,-10.361905
29387.210000,-21.520879
29387.220000,-17.301099
29387.230000,-21.23956
29387.240000,-25.834432
29387.250000,-0.79707
29387.260000,-25.459341000000002
29387.270000,-49.090109999999996
29387.280000,-53.403663
29387.290000,-60.624176
29387.300000,-65.031502
29387.310000,-72.533333
29387.320000,-82.191941
29387.330000,-81.81685
29387.340000,-77.690842
29387.350000,-76.190476
29387.360000,-71.314286
29387.370000,-71.12674
29387.380000,-43.745055
29387.390000,-17.582418
29387.400000,-16.738462
29387.410000,-15.70696
29387.420000,-8.205128
29387.430000,3.328938
29387.440000,20.114286
29387.450000,25.928205
29387.460000,24.709158
29387.470000,35.024176000000004
29387.480000,26.021978
29387.490000,25.271795
29387.500000,23.208791
29387.510000,19.92674
29387.520000,12.893773
29387.530000,12.893773
29387.540000,22.458607999999998
29387.550000,11.018315
29387.560000,3.328938
29387.570000,12.237363
29387.580000,10.174358999999999
29387.590000,16.738462
29387.600000,24.146520000000002
29387.610000,28.084982
29387.620000,32.773626
29387.630000,22.364835
29387.640000,7.548717999999999
29387.650000,13.643956
29387.660000,21.052015
29387.670000,13.362637
29387.680000,11.956044
29387.690000,17.769963
29387.700000,13.175092000000001
29387.710000,11.299634
29387.720000,6.32967
29387.730000,11.393407
29387.740000,11.393407
29387.750000,15.331868
29387.760000,10.174358999999999
29387.770000,25.834432
29387.780000,1.2659340000000001
29387.790000,2.953846
29387.800000,2.578755
29387.810000,2.391209
29387.820000,4.454212
29387.830000,-0.984615
29387.840000,-7.642491000000001
29387.850000,-0.328205
29387.860000,11.768498
29387.870000,12.424908
29387.880000,6.610989
29387.890000,12.424908
29387.900000,2.391209
29387.910000,11.956044
29387.920000,10.549451
29387.930000,-10.643222999999999
29387.940000,-21.333333
29387.950000,-29.960440000000002
29387.960000,-47.589744
29387.970000,-52.934799
29387.980000,-44.401465
29387.990000,-38.587546
29388.000000,-35.680586
29388.010000,-18.989010999999998
29388.020000,-11.768498
29388.030000,-12.331136
29388.040000,-10.924542
29388.050000,1.4534799999999999
29388.060000,15.144322
29388.070000,8.486447
29388.080000,12.518680999999999
29388.090000,9.517949
29388.100000,23.583883
29388.110000,19.551648
29388.120000,19.739194
29388.130000,15.70696
29388.140000,22.364835
29388.150000,15.144322
29388.160000,24.146520000000002
29388.170000,31.835896999999996
29388.180000,0.7032970000000001
29388.190000,10.174358999999999
29388.200000,18.238828
29388.210000,15.144322
29388.220000,23.021245
29388.230000,10.830769
29388.240000,10.268132000000001
29388.250000,7.9238100000000005
29388.260000,9.89304
29388.270000,12.518680999999999
29388.280000,26.490841999999997
29388.290000,9.142857000000001
29388.300000,12.237363
29388.310000,12.331136
29388.320000,13.925275
29388.330000,19.645421
29388.340000,16.550916
29388.350000,16.175824
29388.360000,12.706227
29388.370000,6.798535
29388.380000,-0.046886000000000004
29388.390000,5.579487
29388.400000,2.7663
29388.410000,5.7670330000000005
29388.420000,7.4549449999999995
29388.430000,13.081319
29388.440000,21.333333
29388.450000,18.051282
29388.460000,16.550916
29388.470000,7.079853
29388.480000,15.519414000000001
29388.490000,26.772160999999997
29388.500000,28.178755
29388.510000,47.871062
29388.520000,30.804396
29388.530000,31.273259999999997
29388.540000,31.367033000000003
29388.550000,39.619048
29388.560000,29.397802000000002
29388.570000,47.777289
29388.580000,44.026374
29388.590000,37.368497999999995
29388.600000,43.557509
29388.610000,39.243956
29388.620000,56.49816800000001
29388.630000,40.463004
29388.640000,35.49304
29388.650000,34.83663
29388.660000,30.147985
29388.670000,43.838828
29388.680000,44.589011
29388.690000,41.400733
29388.700000,38.868864
29388.710000,35.305495
29388.720000,39.806593
29388.730000,26.772160999999997
29388.740000,18.895238
29388.750000,18.613919
29388.760000,14.206593
29388.770000,12.518680999999999
29388.780000,5.391941
29388.790000,2.578755
29388.800000,-0.14065899999999998
29388.810000,5.860806
29388.820000,4.735531
29388.830000,11.393407
29388.840000,2.484982
29388.850000,2.2974360000000003
29388.860000,-1.2659340000000001
29388.870000,-1.547253
29388.880000,-3.797802
29388.890000,-10.174358999999999
29388.900000,-10.924542
29388.910000,-4.8293040000000005
29388.920000,-21.708425
29388.930000,-8.861538000000001
29388.940000,-17.957508999999998
29388.950000,-20.489376999999998
29388.960000,-14.581685
29388.970000,-19.176557
29388.980000,1.2659340000000001
29388.990000,29.022710999999997
29389.000000,-19.551648
29389.010000,-47.589744
29389.020000,-60.624176
29389.030000,-56.404396
29389.040000,-78.816117
29389.050000,-84.536264
29389.060000,-80.879121
29389.070000,-80.691575
29389.080000,-77.972161
29389.090000,-69.813919
29389.100000,-63.34359
29389.110000,-66.43809499999999
29389.120000,-57.06080600000001
29389.130000,-52.465934
29389.140000,-42.994871999999994
29389.150000,-40.650549
29389.160000,-50.590476
29389.170000,-34.367765999999996
29389.180000,-43.369963
29389.190000,-37.931135999999995
29389.200000,-32.773626
29389.210000,-38.587546
29389.220000,-26.490841999999997
29389.230000,-18.895238
29389.240000,-20.770696
29389.250000,-25.459341000000002
29389.260000,-27.991209
29389.270000,-24.334066
29389.280000,-17.957508999999998
29389.290000,-23.583883
29389.300000,-26.303296999999997
29389.310000,-21.989744
29389.320000,-7.361172
29389.330000,-14.019048000000002
29389.340000,-9.986813
29389.350000,-16.457143
29389.360000,-2.391209
29389.370000,-12.331136
29389.380000,-12.049817
29389.390000,-15.800733
29389.400000,-11.956044
29389.410000,-7.361172
29389.420000,-41.96337
29389.430000,-7.9238100000000005
29389.440000,-24.334066
29389.450000,-13.45641
29389.460000,-21.145788
29389.470000,-15.70696
29389.480000,-10.174358999999999
29389.490000,-20.489376999999998
29389.500000,-4.172894
29389.510000,-0.984615
29389.520000,1.172161
29389.530000,-4.923076999999999
29389.540000,0.890842
29389.550000,-5.01685
29389.560000,-11.018315
29389.570000,-10.361905
29389.580000,-16.082051
29389.590000,-5.579487
29389.600000,-8.673993
29389.610000,-13.831501999999999
29389.620000,-5.579487
29389.630000,-12.518680999999999
29389.640000,-16.269597
29389.650000,-9.611722
29389.660000,-12.049817
29389.670000,-7.267399
29389.680000,-10.174358999999999
29389.690000,-11.487179
29389.700000,-18.801465
29389.710000,-20.395604000000002
29389.720000,-18.520147
29389.730000,-12.331136
29389.740000,-15.70696
29389.750000,-15.050548999999998
29389.760000,-15.613187
29389.770000,-16.457143
29389.780000,-20.114286
29389.790000,-13.268864
29389.800000,-10.736996000000001
29389.810000,-20.770696
29389.820000,-15.988278
29389.830000,-13.362637
29389.840000,-21.427106
29389.850000,-22.083516
29389.860000,-21.520879
29389.870000,-15.519414000000001
29389.880000,-8.673993
29389.890000,-10.830769
29389.900000,-21.708425
29389.910000,-23.771429
29389.920000,-26.115751
29389.930000,-24.990476
29389.940000,-34.83663
29389.950000,-38.4
29389.960000,-33.992674
29389.970000,-30.054212
29389.980000,-34.930403000000005
29389.990000,-36.149451
29390.000000,-39.900366
29390.010000,-38.306227
29390.020000,-39.431502
29390.030000,-41.119414
29390.040000,-44.964103
29390.050000,-37.368497999999995
29390.060000,-37.087179
29390.070000,-28.835165000000003
29390.080000,-25.459341000000002
29390.090000,-15.894504999999999
29390.100000,-13.081319
29390.110000,-2.016117
29390.120000,4.3604400000000005
29390.130000,18.332601
29390.140000,29.116484000000003
29390.150000,41.494505
29390.160000,51.621978000000006
29390.170000,47.402198
29390.180000,52.465934
29390.190000,60.530403
29390.200000,66.34432199999999
29390.210000,65.781685
29390.220000,68.594872
29390.230000,66.625641
29390.240000,60.999267
29390.250000,62.218315000000004
29390.260000,59.592674
29390.270000,62.49963399999999
29390.280000,43.745055
29390.290000,50.496703000000004
29390.300000,48.527473
29390.310000,48.339927
29390.320000,50.121612
29390.330000,50.496703000000004
29390.340000,47.120878999999995
29390.350000,49.558974
29390.360000,48.621245
29390.370000,41.400733
29390.380000,47.589744
29390.390000,40.838095
29390.400000,43.369963
29390.410000,36.805861
29390.420000,31.460805999999998
29390.430000,29.772894
29390.440000,33.711355
29390.450000,29.772894
29390.460000,30.241758
29390.470000,27.428571
29390.480000,23.677656
29390.490000,24.896703
29390.500000,22.927473000000003
29390.510000,21.145788
29390.520000,25.834432
29390.530000,13.737729000000002
29390.540000,11.205861
29390.550000,15.800733
29390.560000,15.70696
29390.570000,20.114286
29390.580000,27.70989
29390.590000,2.203663
29390.600000,8.111355
29390.610000,5.485714
29390.620000,6.610989
29390.630000,-9.705494999999999
29390.640000,-7.548717999999999
29390.650000,-16.457143
29390.660000,-5.298168
29390.670000,-19.832967
29390.680000,-6.0483519999999995
29390.690000,-6.517216
29390.700000,0.23443200000000003
29390.710000,2.860073
29390.720000,3.7040290000000002
29390.730000,15.800733
29390.740000,5.298168
29390.750000,13.45641
29390.760000,23.021245
29390.770000,25.459341000000002
29390.780000,22.927473000000003
29390.790000,20.395604000000002
29390.800000,26.772160999999997
29390.810000,29.585348
29390.820000,37.180952000000005
29390.830000,31.179486999999998
29390.840000,24.146520000000002
29390.850000,26.678388
29390.860000,17.207326000000002
29390.870000,15.613187
29390.880000,20.208059
29390.890000,23.865201000000003
29390.900000,31.085714000000003
29390.910000,14.675457999999999
29390.920000,25.084249
29390.930000,29.866667
29390.940000,25.084249
29390.950000,36.336996
29390.960000,28.3663
29390.970000,23.865201000000003
29390.980000,29.866667
29390.990000,30.898168
29391.000000,39.806593
29391.010000,32.867399
29391.020000,32.679853
29391.030000,32.961172
29391.040000,33.054945000000004
29391.050000,38.493773
29391.060000,38.306227
29391.070000,29.772894
29391.080000,28.647619
29391.090000,38.493773
29391.100000,28.928938
29391.110000,33.054945000000004
29391.120000,24.146520000000002
29391.130000,24.615385
29391.140000,18.989010999999998
29391.150000,19.645421
29391.160000,16.269597
29391.170000,10.643222999999999
29391.180000,15.70696
29391.190000,22.364835
29391.200000,5.110623
29391.210000,-0.984615
29391.220000,1.828571
29391.230000,-5.298168
29391.240000,-11.674725
29391.250000,-2.672527
29391.260000,-19.176557
29391.270000,-7.4549449999999995
29391.280000,-12.518680999999999
29391.290000,-13.081319
29391.300000,-12.518680999999999
29391.310000,-13.643956
29391.320000,-9.705494999999999
29391.330000,-9.611722
29391.340000,-12.987546
29391.350000,-17.957508999999998
29391.360000,-19.551648
29391.370000,-17.863736
29391.380000,-21.520879
29391.390000,-15.425641
29391.400000,-24.334066
29391.410000,-28.460072999999998
29391.420000,-30.241758
29391.430000,-33.336264
29391.440000,-24.521612
29391.450000,-29.866667
29391.460000,-38.212454
29391.470000,-27.616117
29391.480000,-34.367765999999996
29391.490000,-37.180952000000005
29391.500000,-38.587546
29391.510000,-35.774359000000004
29391.520000,-49.277656
29391.530000,-32.304762
29391.540000,-35.117948999999996
29391.550000,-36.524542
29391.560000,-33.054945000000004
29391.570000,-22.739926999999998
29391.580000,-26.115751
29391.590000,-20.58315
29391.600000,-28.084982
29391.610000,-20.958242000000002
29391.620000,-26.865934000000003
29391.630000,-24.990476
29391.640000,-27.991209
29391.650000,-19.457875
29391.660000,-15.70696
29391.670000,-16.36337
29391.680000,-7.642491000000001
29391.690000,-1.4534799999999999
29391.700000,5.954579
29391.710000,-0.890842
29391.720000,14.206593
29391.730000,6.142125
29391.740000,11.112088
29391.750000,7.4549449999999995
29391.760000,15.144322
29391.770000,17.394872
29391.780000,20.770696
29391.790000,9.611722
29391.800000,15.238095000000001
29391.810000,4.8293040000000005
29391.820000,5.485714
29391.830000,6.32967
29391.840000,8.955311
29391.850000,9.23663
29391.860000,15.613187
29391.870000,20.676923000000002
29391.880000,15.425641
29391.890000,17.769963
29391.900000,26.865934000000003
29391.910000,-5.485714
29391.920000,10.549451
29391.930000,4.3604400000000005
29391.940000,3.2351650000000003
29391.950000,-4.3604400000000005
29391.960000,-5.391941
29391.970000,-7.642491000000001
29391.980000,-18.051282
29391.990000,-28.084982
29392.000000,-22.927473000000003
29392.010000,-28.928938
29392.020000,-33.992674
29392.030000,-27.991209
29392.040000,-26.959707
29392.050000,-17.863736
29392.060000,-14.956776999999999
29392.070000,-21.052015
29392.080000,3.328938
29392.090000,-13.737729000000002
29392.100000,-9.986813
29392.110000,-4.266667
29392.120000,-3.422711
29392.130000,-2.10989
29392.140000,5.298168
29392.150000,4.641758
29392.160000,6.798535
29392.170000,9.23663
29392.180000,6.892308
29392.190000,17.394872
29392.200000,11.018315
29392.210000,22.364835
29392.220000,16.550916
29392.230000,15.331868
29392.240000,13.175092000000001
29392.250000,13.831501999999999
29392.260000,9.23663
29392.270000,9.330403
29392.280000,-1.172161
29392.290000,-0.609524
29392.300000,-0.7032970000000001
29392.310000,0.328205
29392.320000,-0.7032970000000001
29392.330000,2.953846
29392.340000,-3.328938
29392.350000,-6.892308
29392.360000,-6.142125
29392.370000,-5.01685
29392.380000,-7.548717999999999
29392.390000,0.14065899999999998
29392.400000,3.047619
29392.410000,-3.047619
29392.420000,-1.2659340000000001
29392.430000,-4.923076999999999
29392.440000,-13.643956
29392.450000,-12.612454
29392.460000,-15.519414000000001
29392.470000,-8.767766
29392.480000,1.547253
29392.490000,2.10989
29392.500000,1.9223439999999998
29392.510000,-4.8293040000000005
29392.520000,0.7032970000000001
29392.530000,-11.956044
29392.540000,-7.830037
29392.550000,-4.172894
29392.560000,-10.080586
29392.570000,-9.986813
29392.580000,-13.45641
29392.590000,-10.924542
29392.600000,-1.7347990000000002
29392.610000,-22.364835
29392.620000,-5.485714
29392.630000,-18.707692
29392.640000,-6.423443
29392.650000,-7.9238100000000005
29392.660000,-5.204396
29392.670000,-5.7670330000000005
29392.680000,-8.017582
29392.690000,-8.580219999999999
29392.700000,-7.4549449999999995
29392.710000,-6.610989
29392.720000,-13.550182999999999
29392.730000,-18.332601
29392.740000,-16.550916
29392.750000,-22.177289000000002
29392.760000,-16.738462
29392.770000,-18.989010999999998
29392.780000,-14.769231
29392.790000,-16.832234
29392.800000,-15.988278
29392.810000,-15.144322
29392.820000,-15.800733
29392.830000,-15.238095000000001
29392.840000,-16.082051
29392.850000,-14.769231
29392.860000,-11.018315
29392.870000,-3.891575
29392.880000,-4.454212
29392.890000,-10.830769
29392.900000,-6.2358970000000005
29392.910000,-0.984615
29392.920000,-1.828571
29392.930000,-5.298168
29392.940000,-7.736264
29392.950000,-1.547253
29392.960000,-2.391209
29392.970000,-2.203663
29392.980000,-8.486447
29392.990000,-5.954579
29393.000000,-9.611722
29393.010000,-14.112820999999999
29393.020000,-13.45641
29393.030000,-20.489376999999998
29393.040000,-16.175824
29393.050000,-17.863736
29393.060000,-21.333333
29393.070000,-13.925275
29393.080000,-13.831501999999999
29393.090000,-12.706227
29393.100000,-7.361172
29393.110000,-5.391941
29393.120000,-11.393407
29393.130000,-6.610989
29393.140000,-6.2358970000000005
29393.150000,-6.892308
29393.160000,-4.735531
29393.170000,-9.517949
29393.180000,-10.174358999999999
29393.190000,-18.801465
29393.200000,-18.707692
29393.210000,-19.082784
29393.220000,-18.895238
29393.230000,-16.550916
29393.240000,-19.832967
29393.250000,-16.175824
29393.260000,-17.769963
29393.270000,-12.706227
29393.280000,-14.112820999999999
29393.290000,-12.331136
29393.300000,-13.362637
29393.310000,-12.331136
29393.320000,-17.394872
29393.330000,-8.392674000000001
29393.340000,-12.14359
29393.350000,-11.393407
29393.360000,-14.394139000000001
29393.370000,-10.455678
29393.380000,-13.831501999999999
29393.390000,-10.643222999999999
29393.400000,-8.111355
29393.410000,-6.423443
29393.420000,-6.423443
29393.430000,-12.893773
29393.440000,-4.3604400000000005
29393.450000,-11.393407
29393.460000,-13.643956
29393.470000,-16.36337
29393.480000,-15.050548999999998
29393.490000,-14.769231
29393.500000,-15.238095000000001
29393.510000,-13.45641
29393.520000,-11.205861
29393.530000,-9.799267
29393.540000,-3.891575
29393.550000,4.735531
29393.560000,2.953846
29393.570000,18.989010999999998
29393.580000,-20.770696
29393.590000,-2.203663
29393.600000,9.705494999999999
29393.610000,-8.205128
29393.620000,-1.4534799999999999
29393.630000,-14.487912
29393.640000,-10.361905
29393.650000,-21.708425
29393.660000,-15.70696
29393.670000,-9.049083999999999
29393.680000,-14.487912
29393.690000,-10.643222999999999
29393.700000,-3.797802
29393.710000,-6.892308
29393.720000,-2.953846
29393.730000,2.953846
29393.740000,5.01685
29393.750000,0.046886000000000004
29393.760000,1.7347990000000002
29393.770000,7.173626
29393.780000,-16.926007000000002
29393.790000,-15.894504999999999
29393.800000,-30.804396
29393.810000,-19.082784
29393.820000,-10.455678
29393.830000,-19.082784
29393.840000,-14.863004
29393.850000,-9.799267
29393.860000,-3.5164839999999997
29393.870000,-4.079121
29393.880000,0.5157510000000001
29393.890000,-2.391209
29393.900000,-6.0483519999999995
29393.910000,-3.5164839999999997
29393.920000,-1.7347990000000002
29393.930000,-2.203663
29393.940000,-3.797802
29393.950000,-4.641758
29393.960000,-1.172161
29393.970000,0.79707
29393.980000,4.8293040000000005
29393.990000,11.862271
29394.000000,6.892308
29394.010000,13.45641
29394.020000,28.084982
29394.030000,17.488645
29394.040000,21.708425
29394.050000,20.58315
29394.060000,31.273259999999997
29394.070000,34.555310999999996
29394.080000,39.712821000000005
29394.090000,45.620513
29394.100000,44.213919
29394.110000,44.307691999999996
29394.120000,42.338462
29394.130000,47.495971000000004
29394.140000,42.713553000000005
29394.150000,41.494505
29394.160000,41.400733
29394.170000,39.525275
29394.180000,43.838828
29394.190000,35.024176000000004
29394.200000,33.52381
29394.210000,30.429304
29394.220000,30.147985
29394.230000,30.804396
29394.240000,32.210989
29394.250000,26.303296999999997
29394.260000,28.178755
29394.270000,9.89304
29394.280000,6.517216
29394.290000,3.422711
29394.300000,14.019048000000002
29394.310000,7.361172
29394.320000,12.706227
29394.330000,7.079853
29394.340000,20.020513
29394.350000,18.520147
29394.360000,17.957508999999998
29394.370000,20.489376999999998
29394.380000,21.145788
29394.390000,30.241758
29394.400000,29.304028999999996
29394.410000,25.178022
29394.420000,27.147253000000003
29394.430000,32.679853
29394.440000,24.334066
29394.450000,26.584615000000003
29394.460000,28.741391999999998
29394.470000,24.146520000000002
29394.480000,24.521612
29394.490000,21.520879
29394.500000,15.144322
29394.510000,15.144322
29394.520000,14.019048000000002
29394.530000,18.613919
29394.540000,19.364103
29394.550000,21.333333
29394.560000,44.776557000000004
29394.570000,-5.579487
29394.580000,18.801465
29394.590000,12.8
29394.600000,16.175824
29394.610000,28.928938
29394.620000,18.801465
29394.630000,17.582418
29394.640000,17.582418
29394.650000,23.583883
29394.660000,20.114286
29394.670000,15.331868
29394.680000,15.050548999999998
29394.690000,15.70696
29394.700000,16.832234
29394.710000,16.738462
29394.720000,18.426374
29394.730000,14.487912
29394.740000,15.144322
29394.750000,15.050548999999998
29394.760000,9.517949
29394.770000,-3.5164839999999997
29394.780000,-1.7347990000000002
29394.790000,1.6410259999999999
29394.800000,-3.2351650000000003
29394.810000,-1.172161
29394.820000,-1.2659340000000001
29394.830000,-9.611722
29394.840000,-13.45641
29394.850000,-10.549451
29394.860000,-9.705494999999999
29394.870000,4.079121
29394.880000,-33.336264
29394.890000,-22.083516
29394.900000,-18.145055
29394.910000,4.172894
29394.920000,-12.706227
29394.930000,-16.457143
29394.940000,-12.612454
29394.950000,-10.549451
29394.960000,-6.704762
29394.970000,-30.523077
29394.980000,-25.553114
29394.990000,-36.899634000000006
29395.000000,-35.305495
29395.010000,-38.493773
29395.020000,-29.304028999999996
29395.030000,-35.680586
29395.040000,-36.524542
29395.050000,-36.055678
29395.060000,-32.210989
29395.070000,-45.620513
29395.080000,-36.618315
29395.090000,-33.430037
29395.100000,-26.490841999999997
29395.110000,-21.427106
29395.120000,9.705494999999999
29395.130000,-14.956776999999999
29395.140000,2.2974360000000003
29395.150000,22.552381
29395.160000,-38.681319
29395.170000,-16.926007000000002
29395.180000,-0.5157510000000001
29395.190000,-4.3604400000000005
29395.200000,-2.016117
29395.210000,24.615385
29395.220000,8.298900999999999
29395.230000,-23.302564
29395.240000,3.328938
29395.250000,-1.2659340000000001
29395.260000,19.364103
29395.270000,7.736264
29395.280000,34.555310999999996
29395.290000,-7.361172
29395.300000,-11.768498
29395.310000,-18.613919
29395.320000,-11.862271
29395.330000,-15.238095000000001
29395.340000,-15.519414000000001
29395.350000,-20.958242000000002
29395.360000,-29.304028999999996
29395.370000,-28.272527
29395.380000,3.5164839999999997
29395.390000,-44.495238
29395.400000,-49.465201
29395.410000,-50.496703000000004
29395.420000,-36.899634000000006
29395.430000,-27.147253000000003
29395.440000,-36.524542
29395.450000,-35.961905
29395.460000,-7.548717999999999
29395.470000,-38.681319
29395.480000,-31.554578999999997
29395.490000,-19.92674
29395.500000,-28.460072999999998
29395.510000,-19.082784
29395.520000,-23.021245
29395.530000,-32.304762
29395.540000,-35.117948999999996
29395.550000,-27.897436
29395.560000,-37.368497999999995
29395.570000,-29.022710999999997
29395.580000,-17.394872
29395.590000,-32.398534999999995
29395.600000,-25.740659
29395.610000,-29.397802000000002
29395.620000,-15.988278
29395.630000,-31.273259999999997
29395.640000,-22.271062
29395.650000,-28.3663
29395.660000,-32.023443
29395.670000,-23.396337
29395.680000,-17.301099
29395.690000,-20.770696
29395.700000,10.924542
29395.710000,-29.772894
29395.720000,-24.521612
29395.730000,-9.424176
29395.740000,8.955311
29395.750000,-4.641758
29395.760000,15.050548999999998
29395.770000,13.268864
29395.780000,1.172161
29395.790000,18.426374
29395.800000,-3.7040290000000002
29395.810000,24.615385
29395.820000,19.364103
29395.830000,20.301832
29395.840000,20.395604000000002
29395.850000,11.674725
29395.860000,17.769963
29395.870000,9.986813
29395.880000,-0.046886000000000004
29395.890000,-4.547985
29395.900000,5.485714
29395.910000,11.299634
29395.920000,17.301099
29395.930000,7.4549449999999995
29395.940000,3.2351650000000003
29395.950000,6.704762
29395.960000,-1.172161
29395.970000,22.364835
29395.980000,3.6102559999999997
29395.990000,15.70696
29396.000000,-3.7040290000000002
29396.010000,20.114286
29396.020000,6.142125
29396.030000,5.7670330000000005
29396.040000,-4.735531
29396.050000,10.643222999999999
29396.060000,8.205128
29396.070000,16.269597
29396.080000,6.9860809999999995
29396.090000,6.423443
29396.100000,4.079121
29396.110000,3.7040290000000002
29396.120000,17.113553
29396.130000,6.142125
29396.140000,13.643956
29396.150000,6.610989
29396.160000,14.769231
29396.170000,27.05348
29396.180000,19.176557
29396.190000,22.177289000000002
29396.200000,2.484982
29396.210000,18.426374
29396.220000,6.2358970000000005
29396.230000,3.6102559999999997
29396.240000,10.830769
29396.250000,33.898901
29396.260000,-5.110623
29396.270000,11.205861
29396.280000,-28.553846000000004
29396.290000,-17.582418
29396.300000,-15.050548999999998
29396.310000,-16.457143
29396.320000,-12.893773
29396.330000,-5.391941
29396.340000,-13.362637
29396.350000,-3.5164839999999997
29396.360000,22.927473000000003
29396.370000,13.550182999999999
29396.380000,15.050548999999998
29396.390000,7.830037
29396.400000,15.050548999999998
29396.410000,15.331868
29396.420000,20.301832
29396.430000,19.92674
29396.440000,18.051282
29396.450000,30.335531
29396.460000,20.208059
29396.470000,14.487912
29396.480000,18.801465
29396.490000,19.832967
29396.500000,22.927473000000003
29396.510000,30.241758
29396.520000,29.210256
29396.530000,28.460072999999998
29396.540000,31.554578999999997
29396.550000,29.866667
29396.560000,33.711355
29396.570000,8.955311
29396.580000,27.897436
29396.590000,1.4534799999999999
29396.600000,9.799267
29396.610000,8.486447
29396.620000,20.114286
29396.630000,29.116484000000003
29396.640000,8.955311
29396.650000,9.23663
29396.660000,9.986813
29396.670000,14.394139000000001
29396.680000,17.207326000000002
29396.690000,9.049083999999999
29396.700000,19.364103
29396.710000,11.112088
29396.720000,20.58315
29396.730000,19.739194
29396.740000,12.518680999999999
29396.750000,17.488645
29396.760000,31.92967
29396.770000,39.05641
29396.780000,39.337728999999996
29396.790000,49.371429
29396.800000,36.055678
29396.810000,38.212454
29396.820000,32.117216
29396.830000,35.586813
29396.840000,34.086447
29396.850000,27.522344
29396.860000,42.713553000000005
29396.870000,38.587546
29396.880000,61.186813
29396.890000,31.554578999999997
29396.900000,39.337728999999996
29396.910000,38.587546
29396.920000,42.150915999999995
29396.930000,10.268132000000001
29396.940000,32.586081
29396.950000,5.67326
29396.960000,-6.610989
29396.970000,5.579487
29396.980000,0.609524
29396.990000,-18.332601
29397.000000,-16.550916
29397.010000,-25.928205
29397.020000,-27.05348
29397.030000,-24.709158
29397.040000,-25.740659
29397.050000,-30.898168
29397.060000,-20.864469
29397.070000,-13.550182999999999
29397.080000,-11.205861
29397.090000,-2.016117
29397.100000,-1.9223439999999998
29397.110000,-25.084249
29397.120000,-19.645421
29397.130000,-33.805128
29397.140000,-19.739194
29397.150000,-24.334066
29397.160000,-34.18022
29397.170000,-32.586081
29397.180000,-19.645421
29397.190000,-22.177289000000002
29397.200000,-18.332601
29397.210000,11.018315
29397.220000,-61.93699599999999
29397.230000,-37.931135999999995
29397.240000,-51.153114
29397.250000,-33.148718
29397.260000,-42.901099
29397.270000,-20.958242000000002
29397.280000,-34.649084
29397.290000,-39.712821000000005
29397.300000,-36.899634000000006
29397.310000,-8.861538000000001
29397.320000,-9.517949
29397.330000,-31.554578999999997
29397.340000,-33.992674
29397.350000,-23.208791
29397.360000,-33.992674
29397.370000,-34.18022
29397.380000,-24.240292999999998
29397.390000,-24.334066
29397.400000,-32.398534999999995
29397.410000,-27.522344
29397.420000,-30.804396
29397.430000,-26.397070000000003
29397.440000,-19.176557
29397.450000,-15.144322
29397.460000,-13.45641
29397.470000,-6.2358970000000005
29397.480000,-3.797802
29397.490000,-29.585348
29397.500000,-43.745055
29397.510000,-28.178755
29397.520000,-65.125275
29397.530000,-56.873259999999995
29397.540000,-59.967766000000005
29397.550000,-62.780952
29397.560000,-65.031502
29397.570000,-64.093773
29397.580000,-54.810256
29397.590000,-17.019779999999997
29397.600000,-47.027105999999996
29397.610000,-19.364103
29397.620000,-23.771429
29397.630000,-9.986813
29397.640000,6.32967
29397.650000,4.454212
29397.660000,10.361905
29397.670000,17.394872
29397.680000,14.581685
29397.690000,4.454212
29397.700000,20.208059
29397.710000,20.58315
29397.720000,20.958242000000002
29397.730000,17.394872
29397.740000,3.797802
29397.750000,43.651282
29397.760000,16.36337
29397.770000,16.550916
29397.780000,23.49011
29397.790000,-9.705494999999999
29397.800000,4.079121
29397.810000,2.860073
29397.820000,8.861538000000001
29397.830000,11.956044
29397.840000,18.895238
29397.850000,14.112820999999999
29397.860000,13.362637
29397.870000,27.05348
29397.880000,16.457143
29397.890000,4.8293040000000005
29397.900000,10.080586
29397.910000,28.084982
29397.920000,19.832967
29397.930000,27.616117
29397.940000,32.961172
29397.950000,25.084249
29397.960000,16.832234
29397.970000,10.736996000000001
29397.980000,15.800733
29397.990000,11.768498
29398.000000,18.145055
29398.010000,20.020513
29398.020000,19.364103
29398.030000,34.18022
29398.040000,29.960440000000002
29398.050000,23.771429
29398.060000,42.713553000000005
29398.070000,24.146520000000002
29398.080000,28.928938
29398.090000,39.806593
29398.100000,31.367033000000003
29398.110000,23.771429
29398.120000,12.706227
29398.130000,24.709158
29398.140000,2.10989
29398.150000,9.517949
29398.160000,24.052747
29398.170000,15.800733
29398.180000,20.489376999999998
29398.190000,20.114286
29398.200000,56.967032999999994
29398.210000,5.391941
29398.220000,19.92674
29398.230000,8.580219999999999
29398.240000,-5.67326
29398.250000,17.769963
29398.260000,10.174358999999999
29398.270000,13.081319
29398.280000,23.677656
29398.290000,9.705494999999999
29398.300000,13.45641
29398.310000,21.427106
29398.320000,14.863004
29398.330000,10.830769
29398.340000,6.517216
29398.350000,7.267399
29398.360000,11.205861
29398.370000,22.177289000000002
29398.380000,21.802198
29398.390000,12.331136
29398.400000,16.738462
29398.410000,16.269597
29398.420000,15.519414000000001
29398.430000,10.549451
29398.440000,14.581685
29398.450000,20.770696
29398.460000,17.019779999999997
29398.470000,30.054212
29398.480000,0.984615
29398.490000,12.706227
29398.500000,7.830037
29398.510000,13.45641
29398.520000,-8.111355
29398.530000,0.609524
29398.540000,-7.548717999999999
29398.550000,0.984615
29398.560000,-5.01685
29398.570000,11.393407
29398.580000,23.396337
29398.590000,25.459341000000002
29398.600000,21.708425
29398.610000,26.772160999999997
29398.620000,31.367033000000003
29398.630000,28.741391999999998
29398.640000,42.61978
29398.650000,13.737729000000002
29398.660000,7.736264
29398.670000,18.238828
29398.680000,8.205128
29398.690000,2.391209
29398.700000,12.612454
29398.710000,23.865201000000003
29398.720000,-0.046886000000000004
29398.730000,17.019779999999997
29398.740000,6.798535
29398.750000,13.643956
29398.760000,30.523077
29398.770000,-1.172161
29398.780000,12.518680999999999
29398.790000,11.393407
29398.800000,27.05348
29398.810000,32.210989
29398.820000,12.237363
29398.830000,17.863736
29398.840000,16.738462
29398.850000,16.36337
29398.860000,14.300366
29398.870000,3.891575
29398.880000,2.672527
29398.890000,12.424908
29398.900000,21.052015
29398.910000,6.423443
29398.920000,8.017582
29398.930000,12.049817
29398.940000,12.987546
29398.950000,12.518680999999999
29398.960000,-1.078388
29398.970000,5.485714
29398.980000,2.578755
29398.990000,12.612454
29399.000000,8.767766
29399.010000,-1.7347990000000002
29399.020000,-1.078388
29399.030000,-2.10989
29399.040000,-14.487912
29399.050000,-15.050548999999998
29399.060000,-38.962637
29399.070000,-41.025641
29399.080000,-60.43663000000001
29399.090000,-59.311355000000006
29399.100000,-68.594872
29399.110000,-53.12234399999999
29399.120000,-60.342856999999995
29399.130000,-47.120878999999995
29399.140000,-28.178755
29399.150000,-13.831501999999999
29399.160000,-10.268132000000001
29399.170000,-0.609524
29399.180000,9.424176
29399.190000,29.772894
29399.200000,18.145055
29399.210000,25.834432
29399.220000,30.710623
29399.230000,36.336996
29399.240000,33.242490999999994
29399.250000,30.991940999999997
29399.260000,23.677656
29399.270000,34.367765999999996
29399.280000,21.802198
29399.290000,18.332601
29399.300000,9.424176
29399.310000,10.924542
29399.320000,8.767766
29399.330000,5.579487
29399.340000,-0.42197799999999996
29399.350000,-7.361172
29399.360000,-7.830037
29399.370000,-4.735531
29399.380000,-5.67326
29399.390000,15.70696
29399.400000,-37.931135999999995
29399.410000,-32.304762
29399.420000,-21.23956
29399.430000,-29.116484000000003
29399.440000,-23.865201000000003
29399.450000,2.203663
29399.460000,-15.613187
29399.470000,-1.828571
29399.480000,-10.830769
29399.490000,-13.831501999999999
29399.500000,-0.890842
29399.510000,-10.924542
29399.520000,-7.361172
29399.530000,-15.519414000000001
29399.540000,-13.831501999999999
29399.550000,-9.142857000000001
29399.560000,-11.205861
29399.570000,-4.735531
29399.580000,-8.017582
29399.590000,-19.364103
29399.600000,-6.2358970000000005
29399.610000,-15.331868
29399.620000,-6.610989
29399.630000,-21.895971
29399.640000,-13.45641
29399.650000,-47.120878999999995
29399.660000,-64.468864
29399.670000,-58.092307999999996
29399.680000,-73.752381
29399.690000,-67.094505
29399.700000,-65.781685
29399.710000,-55.935531000000005
29399.720000,-39.525275
29399.730000,-39.150183
29399.740000,-25.271795
29399.750000,-19.832967
29399.760000,-26.397070000000003
29399.770000,-16.175824
29399.780000,-14.675457999999999
29399.790000,0.984615
29399.800000,12.237363
29399.810000,21.145788
29399.820000,24.240292999999998
29399.830000,23.115018
29399.840000,27.241026
29399.850000,25.365568
29399.860000,27.616117
29399.870000,33.148718
29399.880000,24.896703
29399.890000,26.115751
29399.900000,14.300366
29399.910000,13.45641
29399.920000,8.767766
29399.930000,9.705494999999999
29399.940000,8.205128
29399.950000,7.173626